{
  "filename": "ejemplo.csv",
  "timestamp": 1761048557.4456313,
  "parameters": {
    "fluor_range": {
      "min": -150,
      "max": -50
    },
    "pifas_range": {
      "min": -130,
      "max": -60
    },
    "concentration": 1
  },
  "spectrum": {
    "ppm": [
      -150.0,
      -148.0,
      -146.0,
      -144.0,
      -142.0,
      -140.0,
      -138.0,
      -136.0,
      -134.0,
      -132.0,
      -130.0,
      -128.0,
      -126.0,
      -124.0,
      -122.0,
      -120.0,
      -118.0,
      -116.0,
      -114.0,
      -112.0,
      -110.0,
      -108.0,
      -106.0,
      -104.0,
      -102.0,
      -100.0,
      -98.0,
      -96.0,
      -94.0,
      -92.0,
      -90.0,
      -88.0,
      -86.0,
      -84.0,
      -82.0,
      -80.0,
      -78.0,
      -76.0,
      -74.0,
      -72.0,
      -70.0,
      -68.0,
      -66.0,
      -64.0,
      -62.0,
      -60.0,
      -58.0,
      -56.0,
      -54.0,
      -52.0,
      -50.0
    ],
    "intensity": [
      12.5,
      15.2,
      18.7,
      22.3,
      26.8,
      31.5,
      35.9,
      40.2,
      44.8,
      49.5,
      54.2,
      120.5,
      135.8,
      148.2,
      156.7,
      162.3,
      165.8,
      168.9,
      171.2,
      173.5,
      175.8,
      850.5,
      920.3,
      985.7,
      1045.2,
      1095.8,
      1138.3,
      1175.9,
      1205.2,
      1228.5,
      1245.8,
      1255.2,
      1260.5,
      1258.3,
      1250.8,
      1238.5,
      1220.2,
      1198.5,
      1172.3,
      1145.8,
      1115.2,
      1082.5,
      1048.3,
      1012.8,
      975.5,
      938.2,
      185.5,
      165.8,
      148.2,
      132.5,
      118.3
    ],
    "data_points": 51
  },
  "analysis": {
    "fluor_percentage": 100.0,
    "pifas_percentage": 95.18,
    "pifas_concentration": 0.9518,
    "concentration": 1,
    "total_area": 30679.0,
    "fluor_area": 30679.0,
    "pifas_area": 29200.499999999996
  },
  "peaks": [
    {
      "ppm": -86.0,
      "intensity": 1260.5,
      "relative_intensity": 100.0
    }
  ],
  "quality_score": 8.0,
  "detailed_analysis": {
    "ppm_range": {
      "value": "-150.00 to -50.00",
      "unit": "ppm",
      "limits": "-150 to -50"
    },
    "intensity_range": {
      "value": "12.50 to 1260.50",
      "unit": "a.u.",
      "limits": "N/A"
    },
    "mean_intensity": {
      "value": 602.83,
      "unit": "a.u.",
      "limits": "N/A"
    },
    "std_intensity": {
      "value": 518.39,
      "unit": "a.u.",
      "limits": "N/A"
    },
    "signal_to_noise": {
      "value": 2.43,
      "unit": "ratio",
      "limits": "> 10"
    }
  }
}